{
  "3": 1329.7726949112991,
  "5": 1554.8647906905437,
  "6": 1475.4820785304228,
  "8": 1630.0857688503472,
  "9": 1568.448053229548,
  "11": 1543.5655136760374,
  "14": 1511.4107476449522,
  "16": 1385.1911175112186,
  "17": 1682.5558432498724,
  "18": 1410.859375968282,
  "19": 1333.486131694537,
  "20": 1576.4129062389447,
  "129689": 1497.8649778039935
}